"id";"country";"abbreviation";"Purchasing Power Value";"Purchasing Power Category";"Safety Value";"Safety Category";"Health Care Value";"Health Care Category";"Climate Value";"Climate Category";"Cost of Living Value";"Cost of Living Category";"Property Price to Income Value";"Property Price to Income Category";"Traffic Commute Time Value";"Traffic Commute Time Category";"Pollution Value";"Pollution Category";"Quality of Life Value";"Quality of Life Category";"density_p_km2";"agricultural_land_percent";"land_area_km2";"armed_forces_size";"birth_rate";"calling_code";"capital_major_city";"co2_emissions";"cpi";"cpi_change_percent";"currency_code";"fertility_rate";"forested_area_percent";"gasoline_price";"gdp";"gross_primary_education_enrollment_percent";"gross_tertiary_education_enrollment_percent";"infant_mortality";"largest_city";"life_expectancy";"maternal_mortality_ratio";"minimum_wage";"official_language";"out_of_pocket_health_expenditure_percent";"physicians_per_thousand";"population";"labor_force_participation_percent";"tax_revenue_percent";"total_tax_rate_percent";"unemployment_rate_percent";"urban_population";"latitude";"longitude"
1;"Afghanistan";"AF";32.15;"Very Low";25.33;"Low";24.24;"Low";0.0;"None";21.08;"Very Low";7.8;"Low";56.17;"Very High";84.44;"Very High";0.0;"None";60;58;652230;323000;32.49;93;"Kabul";8672;149.9;2.3;"AFN";4.47;2.1;0.7;19101353833;104.0;9.7;47.9;"Kabul";64.5;638;0.43;"Pashto";78.4;0.28;38041754;48.9;9.3;71.4;11.12;9797273;33.93911;67.709953
2;"Aland Islands";"AX";125.01;"Very High";71.81;"High";79.72;"High";0.0;"None";53.44;"Low";5.33;"Low";19.05;"Very Low";18.05;"Very Low";0.0;"None";0;0;0;0;0.0;0;"";0;0.0;0.0;"";0.0;0.0;0.0;0;0.0;0.0;0.0;"";0.0;0;0.0;"";0.0;0.0;0;0.0;0.0;0.0;0.0;0;0.0;0.0
3;"Albania";"AL";42.82;"Low";55.52;"Moderate";48.21;"Moderate";86.43;"Very High";40.85;"Low";14.88;"High";36.74;"Moderate";77.25;"High";104.16;"Low";105;43;28748;9000;11.78;355;"Tirana";4536;119.05;1.4;"ALL";1.62;28.1;1.36;15278077447;107.0;55.0;7.8;"Tirana";78.5;15;1.12;"Albanian";56.9;1.2;2854191;55.7;18.6;36.6;12.33;1747593;41.153332;20.168331
4;"Alderney";"GG";0.0;"None";83.79;"Very High";100.0;"Very High";0.0;"None";0.0;"None";0.0;"None";5.0;"Very Low";1.72;"Very Low";0.0;"None";0;0;0;0;0.0;0;"";0;0.0;0.0;"";0.0;0.0;0.0;0;0.0;0.0;0.0;"";0.0;0;0.0;"";0.0;0.0;0;0.0;0.0;0.0;0.0;0;0.0;0.0
5;"Algeria";"DZ";27.6;"Very Low";47.54;"Moderate";54.43;"Moderate";94.82;"Very High";25.31;"Very Low";21.7;"Very High";45.09;"High";63.87;"High";98.83;"Very Low";18;17;2381741;317000;24.28;213;"Algiers";150006;151.36;2.0;"DZD";3.02;0.8;0.28;169988236398;109.9;51.4;20.1;"Algiers";76.7;112;0.95;"Arabic";28.1;1.72;43053054;41.2;37.2;66.1;11.7;31510100;28.033886;1.659626
6;"American Samoa";"AS";0.0;"None";54.41;"Moderate";0.0;"None";0.0;"None";0.0;"None";0.0;"None";100.0;"Very High";78.45;"High";0.0;"None";0;0;0;0;0.0;0;"";0;0.0;0.0;"";0.0;0.0;0.0;0;0.0;0.0;0.0;"";0.0;0;0.0;"";0.0;0.0;0;0.0;0.0;0.0;0.0;0;0.0;0.0
7;"Andorra";"AD";121.14;"Very High";84.71;"Very High";75.56;"High";0.0;"None";48.09;"Low";9.03;"Moderate";13.33;"Very Low";22.98;"Low";0.0;"None";164;40;468;0;7.2;376;"Andorra la Vella";469;0.0;0.0;"EUR";1.27;34.0;1.51;3154057987;106.4;0.0;2.7;"Andorra la Vella";0.0;0;6.63;"Catalan";36.4;3.33;77142;0.0;0.0;0.0;0.0;67873;42.506285;1.521801
8;"Angola";"AO";224.46;"Very High";33.71;"Low";36.58;"Low";0.0;"None";42.57;"Low";8.01;"Moderate";65.43;"Very High";92.07;"Very High";0.0;"None";26;48;1246700;117000;40.73;244;"Luanda";34693;261.73;17.1;"AOA";5.52;46.3;0.97;94635415870;113.5;9.3;51.6;"Luanda";60.8;241;0.71;"Portuguese";33.4;0.21;31825295;77.5;9.2;49.1;6.89;21061025;-11.202692;17.873887
9;"Anguilla";"AI";0.0;"None";75.44;"High";77.08;"High";0.0;"None";0.0;"None";1.84;"Very Low";0.0;"None";0.0;"None";0.0;"None";0;0;0;0;0.0;0;"";0;0.0;0.0;"";0.0;0.0;0.0;0;0.0;0.0;0.0;"";0.0;0;0.0;"";0.0;0.0;0;0.0;0.0;0.0;0.0;0;0.0;0.0
10;"Antigua And Barbuda";"AG";0.0;"None";42.86;"Moderate";30.56;"Low";0.0;"None";0.0;"None";0.0;"None";35.0;"Moderate";43.1;"Moderate";0.0;"None";223;21;443;0;15.33;1;"St. John's, Saint John";557;113.81;1.2;"XCD";1.99;22.3;0.99;1727759259;105.0;24.8;5.0;"St. John's, Saint John";76.9;42;3.04;"English";24.3;2.76;97118;0.0;16.5;43.0;0.0;23800;17.060816;-61.796428
11;"Argentina";"AR";40.36;"Low";36.36;"Low";68.0;"High";98.28;"Very High";32.65;"Very Low";20.05;"Very High";44.07;"High";50.81;"Moderate";115.06;"Low";17;54;2780400;105000;17.02;54;"Buenos Aires";201348;232.75;53.5;"ARS";2.26;9.8;1.1;449663446954;109.7;90.0;8.8;"Buenos Aires";76.5;39;3.35;"Spanish";17.6;3.96;44938712;61.3;10.1;106.3;9.79;41339571;-38.416097;-63.616672
12;"Armenia";"AM";36.91;"Very Low";77.81;"High";58.07;"Moderate";63.42;"High";41.84;"Low";20.95;"Very High";29.31;"Low";62.55;"High";116.56;"Low";104;59;29743;49000;13.99;374;"Yerevan";5156;129.18;1.4;"AMD";1.76;11.7;0.77;13672802158;92.7;54.6;11.0;"Yerevan";74.9;26;0.66;"Armenian";81.6;4.4;2957731;55.6;20.9;22.6;16.99;1869848;40.069099;45.038189
13;"Aruba";"AW";71.46;"Moderate";69.23;"High";78.7;"High";0.0;"None";79.42;"High";5.32;"Low";46.33;"High";35.7;"Low";0.0;"None";0;0;0;0;0.0;0;"";0;0.0;0.0;"";0.0;0.0;0.0;0;0.0;0.0;0.0;"";0.0;0;0.0;"";0.0;0.0;0;0.0;0.0;0.0;0.0;0;0.0;0.0
14;"Australia";"AU";137.58;"Very High";52.71;"Moderate";73.35;"High";93.8;"Very High";64.5;"Moderate";8.25;"Moderate";37.48;"Moderate";26.8;"Low";190.69;"Very High";3;48;7741220;58000;12.6;61;"Canberra";375908;119.8;1.6;"AUD";1.74;16.3;0.93;1392680589329;100.3;113.1;3.1;"Sydney";82.7;6;13.59;"None";19.6;3.68;25766605;65.5;23.0;47.4;5.27;21844756;-25.274398;133.775136
15;"Austria";"AT";109.08;"High";70.38;"High";77.83;"High";77.4;"High";62.22;"Moderate";11.76;"Moderate";23.77;"Very Low";20.73;"Low";192.07;"Very High";109;32;83871;21000;9.7;43;"Vienna";61448;118.06;1.5;"EUR";1.47;46.9;1.2;446314739528;103.1;85.1;2.9;"Vienna";81.6;5;0.0;"German";17.9;5.17;8877067;60.7;25.4;51.4;4.67;5194416;47.516231;14.550072
16;"Azerbaijan";"AZ";41.75;"Low";68.12;"High";48.31;"Moderate";91.4;"Very High";30.26;"Very Low";15.24;"High";40.63;"Moderate";72.69;"High";113.51;"Low";123;58;86600;82000;14.0;994;"Baku";37620;156.32;2.6;"AZN";1.73;14.1;0.56;39207000000;99.7;27.7;19.2;"Baku";72.9;26;0.47;"Azerbaijani language";78.6;3.45;10023318;66.5;13.0;40.7;5.51;5616165;40.143105;47.576927
17;"Bahamas";"BS";58.59;"Low";43.76;"Moderate";39.52;"Low";0.0;"None";81.3;"High";5.32;"Low";27.69;"Low";61.34;"High";0.0;"None";39;1;13880;1000;13.97;1;"Nassau, Bahamas";1786;116.22;2.5;"BSD";1.75;51.4;0.92;12827000000;81.4;15.1;8.3;"Nassau, Bahamas";73.8;70;5.25;"English";27.8;1.94;389482;74.6;14.8;33.8;10.36;323784;25.03428;-77.39628
18;"Bahrain";"BH";114.56;"Very High";75.28;"High";66.6;"High";64.31;"High";48.79;"Low";4.9;"Very Low";30.74;"Low";71.57;"High";158.68;"High";0;0;0;0;0.0;0;"";0;0.0;0.0;"";0.0;0.0;0.0;0;0.0;0.0;0.0;"";0.0;0;0.0;"";0.0;0.0;0;0.0;0.0;0.0;0.0;0;0.0;0.0
19;"Bangladesh";"BD";36.16;"Very Low";38.79;"Low";42.2;"Moderate";71.29;"High";20.76;"Very Low";12.26;"High";57.57;"Very High";85.31;"Very High";74.51;"Very Low";0;0;0;0;0.0;0;"";0;0.0;0.0;"";0.0;0.0;0.0;0;0.0;0.0;0.0;"";0.0;0;0.0;"";0.0;0.0;0;0.0;0.0;0.0;0.0;0;0.0;0.0
20;"Barbados";"BB";46.93;"Low";55.14;"Moderate";71.88;"High";0.0;"None";70.6;"Moderate";14.67;"High";36.67;"Moderate";24.39;"Low";0.0;"None";668;23;430;1000;10.65;1;"Bridgetown";1276;134.09;4.1;"BBD";1.62;14.7;1.81;5209000000;99.4;65.4;11.3;"Bridgetown";79.1;27;3.13;"English";45.2;2.48;287025;65.2;27.5;35.6;10.33;89431;13.193887;-59.543198
21;"Belarus";"BY";56.24;"Low";49.99;"Moderate";48.5;"Moderate";64.37;"High";25.11;"Very Low";12.79;"High";31.2;"Low";44.94;"Moderate";127.48;"Moderate";47;42;207600;155000;9.9;375;"Minsk";58280;0.0;5.6;"BYN";1.45;42.6;0.6;63080457023;100.5;87.4;2.6;"Minsk";74.2;2;1.49;"Russian";34.5;5.19;9466856;64.1;14.7;53.3;4.59;7482982;53.709807;27.953389
22;"Belgium";"BE";118.62;"Very High";50.42;"Moderate";75.76;"High";86.03;"Very High";57.41;"Low";6.82;"Low";35.19;"Moderate";49.45;"Moderate";168.52;"Very High";383;45;30528;32000;10.3;32;"City of Brussels";96889;117.11;1.4;"EUR";1.62;22.6;1.43;529606710418;103.9;79.7;2.9;"Brussels";81.6;5;10.31;"French";17.6;3.07;11484055;53.6;24.0;55.4;5.59;11259082;50.503887;4.469936
23;"Belize";"BZ";0.0;"None";47.47;"Moderate";47.37;"Moderate";0.0;"None";0.0;"None";6.06;"Low";12.75;"Very Low";52.8;"Moderate";0.0;"None";17;7;22966;2000;20.79;501;"Belmopan";568;105.68;-0.9;"BZD";2.31;59.7;1.13;1879613600;111.7;24.7;11.2;"Belize City";74.5;36;1.65;"English";22.7;1.12;390353;65.1;26.3;31.1;6.41;179039;17.189877;-88.49765
24;"Benin";"BJ";0.0;"None";62.16;"High";51.39;"Moderate";0.0;"None";0.0;"None";0.0;"None";26.0;"Very Low";97.41;"Very High";0.0;"None";108;33;112622;12000;36.22;229;"Porto-Novo";6476;110.71;-0.9;"XOF";4.84;37.8;0.72;14390709095;122.0;12.3;60.5;"Cotonou";61.5;397;0.39;"French";40.5;0.08;11801151;70.9;10.8;48.9;2.23;5648149;9.30769;2.315834
25;"Bermuda";"BM";108.79;"High";63.7;"High";70.61;"High";0.0;"None";124.77;"Very High";6.85;"Low";35.7;"Moderate";14.95;"Very Low";0.0;"None";0;0;0;0;0.0;0;"";0;0.0;0.0;"";0.0;0.0;0.0;0;0.0;0.0;0.0;"";0.0;0;0.0;"";0.0;0.0;0;0.0;0.0;0.0;0.0;0;0.0;0.0
26;"Bhutan";"BT";74.38;"Moderate";70.45;"High";73.28;"High";0.0;"None";24.92;"Very Low";14.07;"High";2.95;"Very Low";48.82;"Moderate";0.0;"None";20;14;38394;6000;17.26;975;"Thimphu";1261;167.18;2.7;"BTN";1.98;72.5;0.98;2446674101;100.1;15.6;24.8;"Thimphu";71.5;183;0.32;"Dzongkha";19.8;0.42;727145;66.7;16.0;35.3;2.34;317538;27.514162;90.433601
27;"Bolivia";"BO";43.04;"Low";35.0;"Low";45.98;"Moderate";0.0;"None";25.28;"Very Low";12.54;"High";39.94;"Moderate";71.92;"High";0.0;"None";11;35;1098581;71000;21.75;591;"Sucre";21606;148.32;1.8;"BOB";2.73;50.3;0.71;40895322865;98.2;0.0;21.8;"Santa Cruz de la Sierra";71.2;155;1.36;"Spanish";25.9;1.59;11513100;71.8;17.0;83.7;3.5;8033035;-16.290154;-63.588653
28;"Bonaire";"BQ";0.0;"None";62.95;"High";0.0;"None";0.0;"None";0.0;"None";0.0;"None";0.0;"None";0.0;"None";0.0;"None";0;0;0;0;0.0;0;"";0;0.0;0.0;"";0.0;0.0;0.0;0;0.0;0.0;0.0;"";0.0;0;0.0;"";0.0;0.0;0;0.0;0.0;0.0;0.0;0;0.0;0.0
29;"Bosnia And Herzegovina";"BA";63.66;"Moderate";58.3;"Moderate";55.62;"Moderate";80.48;"Very High";32.01;"Very Low";13.12;"High";26.15;"Very Low";59.68;"Moderate";134.51;"Moderate";64;43;51197;11000;8.11;387;"Sarajevo";21848;104.9;0.6;"BAM";1.27;42.7;1.05;20047848435;0.0;23.3;5.0;"Tuzla Canton";77.3;10;1.04;"Bosnian";28.6;2.16;3301000;46.4;20.4;23.7;18.42;1605144;43.915886;17.679076
30;"Botswana";"BW";64.6;"Moderate";47.3;"Moderate";61.12;"High";88.87;"Very High";40.05;"Low";118.01;"Very High";28.53;"Low";46.09;"Moderate";36.55;"Very Low";4;46;581730;9000;24.82;267;"Gaborone";6340;149.75;2.8;"BWP";2.87;18.9;0.71;18340510789;103.2;24.9;30.0;"Gaborone";69.3;144;0.29;"English";5.3;0.37;2346179;70.8;19.5;25.1;18.19;1616550;-22.328474;24.684866
31;"Brazil";"BR";42.13;"Low";35.36;"Low";59.21;"Moderate";94.31;"Very High";27.14;"Very Low";15.4;"High";40.63;"Moderate";52.84;"Moderate";115.99;"Low";25;34;8515770;730000;13.92;55;"Brasília";462299;167.4;3.7;"BRL";1.73;58.9;1.02;1839758040766;115.4;51.3;12.8;"São Paulo";75.7;60;1.53;"Portuguese";28.3;2.15;212559417;63.9;14.2;65.1;12.08;183241641;-14.235004;-51.92528
32;"British Virgin Islands";"VG";0.0;"None";59.31;"Moderate";0.0;"None";0.0;"None";0.0;"None";0.0;"None";0.0;"None";68.1;"High";0.0;"None";0;0;0;0;0.0;0;"";0;0.0;0.0;"";0.0;0.0;0.0;0;0.0;0.0;0.0;"";0.0;0;0.0;"";0.0;0.0;0;0.0;0.0;0.0;0.0;0;0.0;0.0
33;"Brunei";"BN";119.26;"Very High";70.7;"High";75.37;"High";0.0;"None";46.73;"Low";6.97;"Low";27.3;"Low";35.49;"Low";0.0;"None";83;3;5765;8000;14.9;673;"Bandar Seri Begawan";7664;99.03;-0.4;"BND";1.85;72.1;0.37;13469422941;103.2;31.4;9.8;"Bandar Seri Begawan";75.7;31;0.0;"Malay";6.0;1.61;433285;64.7;0.0;8.0;9.12;337711;4.535277;114.727669
34;"Bulgaria";"BG";77.66;"Moderate";63.73;"High";58.15;"Moderate";82.76;"Very High";35.86;"Very Low";9.22;"Moderate";29.05;"Low";62.94;"High";144.49;"Moderate";64;46;110879;31000;8.9;359;"Sofia";41708;114.42;3.1;"BGN";1.56;35.4;1.11;86000000000;89.3;71.0;5.9;"Sofia";74.9;10;1.57;"Bulgarian";47.7;4.03;6975761;55.4;20.2;28.3;4.34;5256027;42.733883;25.48583
35;"Burkina Faso";"BF";0.0;"None";61.16;"High";49.31;"Moderate";0.0;"None";0.0;"None";1.25;"Very Low";50.0;"High";0.0;"None";0.0;"None";76;44;274200;11000;37.93;226;"Ouagadougou";3418;106.58;-3.2;"XOF";5.19;19.3;0.98;15745810235;96.1;6.5;49.0;"Ouagadougou";61.2;320;0.34;"French";36.1;0.08;20321378;66.4;15.0;41.3;6.26;6092349;12.238333;-1.561593
36;"Burundi";"BI";0.0;"None";43.44;"Moderate";34.44;"Low";0.0;"None";0.0;"None";20.67;"Very High";33.0;"Low";87.84;"Very High";0.0;"None";463;79;27830;31000;39.01;257;"Bujumbura";495;182.11;-0.7;"BIF";5.41;10.9;1.21;3012334882;121.4;6.1;41.0;"Bujumbura";61.2;548;0.0;"Kirundi";19.1;0.1;11530580;79.2;13.6;41.2;1.43;1541177;-3.373056;29.918886
37;"Cambodia";"KH";26.95;"Very Low";48.19;"Moderate";50.71;"Moderate";59.43;"Moderate";34.38;"Very Low";26.77;"Very High";28.0;"Low";77.77;"High";78.92;"Very Low";95;31;181035;191000;22.46;855;"Phnom Penh";9919;127.63;2.5;"KHR";2.5;52.9;0.9;27089389787;107.4;13.7;24.0;"Phnom Penh";69.6;160;0.0;"Khmer language";59.4;0.17;16486542;82.3;17.1;23.1;0.68;3924621;12.565679;104.990963
38;"Cameroon";"CM";10.02;"Very Low";34.53;"Low";45.53;"Moderate";0.0;"None";37.61;"Very Low";46.06;"Very High";46.0;"High";93.71;"Very High";0.0;"None";56;21;475440;24000;35.39;237;"Yaoundé";8291;118.65;2.5;"XAF";4.57;39.3;1.03;38760467033;103.4;12.8;50.6;"Douala";58.9;529;0.35;"French";69.7;0.09;25876380;76.1;12.8;57.7;3.38;14741256;7.369722;12.354722
39;"Canada";"CA";111.31;"Very High";54.34;"Moderate";68.82;"High";55.41;"Moderate";60.55;"Moderate";10.47;"Moderate";33.53;"Low";29.8;"Low";164.54;"Very High";4;7;9984670;72000;10.1;1;"Ottawa";544894;116.76;1.9;"CAD";1.5;38.2;0.81;1736425629520;100.9;68.9;4.3;"Toronto";81.9;10;9.51;"French";14.6;2.61;36991981;65.1;12.8;24.5;5.56;30628482;56.130366;-106.346771
40;"Cape Verde";"CV";18.09;"Very Low";49.87;"Moderate";67.71;"High";0.0;"None";38.51;"Very Low";17.12;"Very High";15.33;"Very Low";81.03;"Very High";0.0;"None";138;20;4033;1000;19.49;238;"Praia";543;110.5;1.1;"CVE";2.27;22.5;1.02;1981845741;104.0;23.6;16.7;"Praia";72.8;58;0.68;"Portuguese";23.2;0.77;483628;60.5;20.1;37.5;12.25;364029;16.5388;-23.0418
41;"Cayman Islands";"KY";123.25;"Very High";69.25;"High";62.28;"High";0.0;"None";108.7;"Very High";8.64;"Moderate";18.89;"Very Low";23.96;"Low";0.0;"None";0;0;0;0;0.0;0;"";0;0.0;0.0;"";0.0;0.0;0.0;0;0.0;0.0;0.0;"";0.0;0;0.0;"";0.0;0.0;0;0.0;0.0;0.0;0.0;0;0.0;0.0
42;"Central African Republic";"CF";0.0;"None";15.89;"Very Low";41.67;"Moderate";0.0;"None";0.0;"None";8.5;"Moderate";5.0;"Very Low";84.83;"Very High";0.0;"None";8;8;622984;8000;35.35;236;"Bangui";297;186.86;37.1;"XAF";4.72;35.6;1.41;2220307369;102.0;3.0;84.5;"Bangui";52.8;829;0.37;"French";39.6;0.06;4745185;72.0;8.6;73.3;3.68;1982064;6.611111;20.939444
43;"Chad";"TD";20.21;"Very Low";32.16;"Low";44.21;"Moderate";0.0;"None";46.23;"Low";2.69;"Very Low";6.0;"Very Low";60.56;"High";0.0;"None";13;40;1284000;35000;42.17;235;"N'Djamena";1016;117.7;-1.0;"XAF";5.75;3.8;0.78;11314951343;86.8;3.3;71.4;"N'Djamena";54.0;1140;0.6;"French";56.4;0.04;15946876;70.7;0.0;63.5;1.89;3712273;15.454166;18.732207
44;"Chile";"CL";51.47;"Low";39.55;"Low";63.52;"High";90.21;"Very High";36.29;"Very Low";16.03;"Very High";36.04;"Moderate";77.51;"High";106.49;"Low";26;21;756096;122000;12.43;56;"Santiago";85822;131.91;2.6;"CLP";1.65;24.3;1.03;282318159745;101.4;88.5;6.2;"Santiago";80.0;13;2.0;"Spanish";32.2;2.59;18952038;62.6;18.2;34.0;7.09;16610135;-35.675147;-71.542969
45;"China";"CN";78.42;"Moderate";75.82;"High";68.53;"High";79.61;"High";31.23;"Very Low";28.6;"Very High";38.9;"Moderate";77.3;"High";120.52;"Moderate";153;56;9596960;2695000;10.9;86;"Beijing";9893038;125.08;2.9;"CNY";1.69;22.4;0.96;19910000000000;100.2;50.6;7.4;"Shanghai";77.0;29;0.87;"Standard Chinese";32.4;1.98;1397715000;68.0;9.4;59.2;4.32;842933962;35.86166;104.195397
46;"Colombia";"CO";36.19;"Very Low";39.14;"Low";68.44;"High";96.69;"Very High";25.48;"Very Low";17.98;"Very High";47.15;"High";62.47;"High";107.9;"Low";46;40;1138910;481000;14.88;57;"Bogotá";97814;140.95;3.5;"COP";1.81;52.7;0.68;323802808108;114.5;55.3;12.2;"Bogotá";77.1;83;1.23;"Spanish";18.3;2.18;50339443;68.8;14.4;71.2;9.71;40827302;4.570868;-74.297333
47;"Comoros";"KM";41.96;"Low";52.94;"Moderate";0.0;"None";0.0;"None";35.91;"Very Low";11.15;"Moderate";0.0;"None";0.0;"None";0.0;"None";467;72;2235;0;31.88;269;"Moroni, Comoros";202;103.62;-4.3;"KMF";4.21;19.7;0.0;1185728677;99.5;9.0;51.3;"Moroni, Comoros";64.1;273;0.71;"French";74.8;0.27;850886;43.3;0.0;219.6;4.34;248152;-11.6455;43.3333
48;"Cook Islands";"CK";0.0;"None";69.08;"High";0.0;"None";0.0;"None";0.0;"None";0.0;"None";0.0;"None";8.62;"Very Low";0.0;"None";0;0;0;0;0.0;0;"";0;0.0;0.0;"";0.0;0.0;0.0;0;0.0;0.0;0.0;"";0.0;0;0.0;"";0.0;0.0;0;0.0;0.0;0.0;0.0;0;0.0;0.0
49;"Costa Rica";"CR";50.9;"Low";46.04;"Moderate";64.29;"High";99.48;"Very High";50.18;"Low";9.63;"Moderate";59.99;"Very High";42.39;"Moderate";129.35;"Moderate";100;35;51100;10000;13.97;506;"San José";8023;128.85;2.1;"CRC";1.75;54.6;0.98;61773944174;113.3;55.2;7.6;"San José";80.1;27;1.84;"Spanish";21.5;2.89;5047561;62.1;13.6;58.3;11.85;4041885;9.748917;-83.753428
50;"Croatia";"HR";83.85;"Moderate";74.54;"High";64.66;"High";89.23;"Very High";43.23;"Low";12.45;"High";25.79;"Very Low";31.1;"Low";176.02;"Very High";73;28;56594;18000;9.0;385;"Zagreb";17488;109.82;0.8;"HRK";1.47;34.4;1.26;60415553039;96.5;67.9;4.0;"Zagreb";78.1;8;2.92;"Croatian";15.2;3.0;4067500;51.2;22.0;20.5;6.93;2328318;45.1;15.2
51;"Cuba";"CU";2.55;"Very Low";66.02;"High";59.3;"Moderate";0.0;"None";41.1;"Low";48.0;"Very High";47.89;"High";65.82;"High";0.0;"None";106;60;110860;76000;10.17;53;"Havana";28284;0.0;0.0;"CUP";1.62;31.3;1.4;100023000000;101.9;41.4;3.7;"Havana";78.7;36;0.05;"Spanish";0.0;8.42;11333483;53.6;0.0;0.0;1.64;8739135;21.521757;-77.781167
52;"Curacao";"CW";0.0;"None";46.19;"Moderate";50.35;"Moderate";0.0;"None";0.0;"None";0.0;"None";17.5;"Very Low";55.46;"Moderate";0.0;"None";0;0;0;0;0.0;0;"";0;0.0;0.0;"";0.0;0.0;0.0;0;0.0;0.0;0.0;"";0.0;0;0.0;"";0.0;0.0;0;0.0;0.0;0.0;0.0;0;0.0;0.0
53;"Cyprus";"CY";84.66;"Moderate";66.9;"High";57.13;"Moderate";90.87;"Very High";50.99;"Low";8.06;"Moderate";23.59;"Very Low";54.99;"Moderate";158.84;"High";131;12;9251;16000;10.46;357;"Nicosia";6626;102.51;0.3;"EUR";1.33;18.7;1.23;24564647935;99.3;75.9;1.9;"Nicosia";80.8;6;0.0;"Greek";43.9;1.95;1198575;63.1;24.5;22.4;7.27;800708;35.126413;33.429859
54;"Czech Republic";"CZ";90.3;"High";73.64;"High";75.47;"High";79.1;"High";43.65;"Low";13.17;"High";29.12;"Low";34.78;"Low";174.21;"Very High";139;45;78867;23000;10.7;420;"Prague";102218;116.48;2.8;"CZK";1.69;34.6;1.17;246489245495;100.7;64.1;2.7;"Prague";79.0;3;3.0;"Czech";14.8;4.12;10669709;60.6;14.9;46.1;1.93;7887156;49.817492;15.472962
55;"Democratic Republic of the Congo";"CD";25.51;"Very Low";36.16;"Low";25.69;"Low";0.0;"None";50.85;"Low";37.22;"Very High";75.0;"Very High";83.22;"Very High";0.0;"None";40;12;2344858;134000;41.18;243;"Kinshasa";2021;133.85;2.9;"CDF";5.92;67.2;1.49;47319624204;108.0;6.6;68.2;"Kinshasa";60.4;473;0.18;"French";37.4;0.07;86790567;63.5;10.7;50.7;4.24;39095679;-4.038333;21.758664
56;"Denmark";"DK";134.75;"Very High";73.81;"High";78.5;"High";82.47;"Very High";68.9;"Moderate";6.36;"Low";27.93;"Low";20.75;"Low";208.65;"Very High";137;62;43094;15000;10.6;45;"Copenhagen";31786;110.35;0.8;"DKK";1.73;14.7;1.55;348078018464;101.3;80.6;3.6;"Copenhagen";81.0;4;0.0;"Danish";13.7;4.01;5818553;62.2;32.4;23.8;4.91;5119978;56.26392;9.501785
57;"Djibouti";"DJ";165.89;"Very High";42.74;"Moderate";0.0;"None";0.0;"None";76.83;"High";12.41;"High";42.67;"High";64.6;"High";0.0;"None";43;73;23200;13000;21.47;253;"Djibouti City";620;120.25;3.3;"DJF";2.73;0.2;1.32;3318716359;75.3;5.3;49.8;"Djibouti City";66.6;248;0.0;"French";20.4;0.22;973560;60.2;0.0;37.9;10.3;758549;11.825138;42.590275
58;"Dominica";"DM";32.92;"Very Low";46.42;"Moderate";36.57;"Low";0.0;"None";50.36;"Low";0.64;"Very Low";0.0;"None";20.69;"Low";0.0;"None";96;33;751;0;12.0;1;"Roseau";180;103.87;1.0;"XCD";1.9;57.4;0.0;596033333;114.7;7.2;32.9;"Roseau";76.6;0;1.48;"English";28.4;1.08;71808;0.0;22.1;32.6;0.0;50830;15.414999;-61.370976
59;"Dominican Republic";"DO";31.82;"Very Low";39.4;"Low";58.26;"Moderate";67.82;"High";34.75;"Very Low";16.89;"Very High";40.69;"Moderate";72.8;"High";89.09;"Very Low";225;49;48670;71000;19.51;1;"Santo Domingo";25258;135.5;1.8;"DOP";2.35;41.7;1.07;88941298258;105.7;59.9;24.1;"Santo Domingo";73.9;95;0.4;"Spanish";43.7;1.56;10738958;64.3;13.0;48.8;5.84;8787475;18.735693;-70.162651
60;"Ecuador";"EC";45.93;"Low";37.57;"Low";75.39;"High";94.51;"Very High";30.28;"Very Low";12.0;"High";37.68;"Moderate";59.05;"Moderate";125.58;"Moderate";71;22;283561;41000;19.72;593;"Quito";41155;124.14;0.3;"USD";2.43;50.2;0.61;107435665000;103.3;44.9;12.2;"Quito";76.8;59;2.46;"Spanish";43.7;2.04;17373662;68.0;0.0;34.4;3.97;11116711;-1.831239;-78.183406
61;"Egypt";"EG";21.15;"Very Low";52.64;"Moderate";47.32;"Moderate";91.98;"Very High";19.46;"Very Low";17.85;"Very High";48.1;"High";82.67;"Very High";85.41;"Very Low";103;4;1001450;836000;26.38;20;"Cairo";238560;288.57;9.2;"EGP";3.33;0.1;0.4;303175127598;106.3;35.2;18.1;"Cairo";71.8;37;0.0;"Modern Standard Arabic";62.0;0.45;100388073;46.4;12.5;44.4;10.76;42895824;26.820553;30.802498
62;"El Salvador";"SV";33.72;"Very Low";40.58;"Moderate";51.67;"Moderate";86.6;"Very High";38.13;"Very Low";16.0;"Very High";40.39;"Moderate";75.37;"High";93.05;"Very Low";313;76;21041;42000;18.25;503;"San Salvador";7169;111.23;0.1;"USD";2.04;12.6;0.83;27022640000;94.8;29.4;11.8;"San Salvador";73.1;46;0.5;"Spanish";27.9;1.57;6453553;59.1;18.1;36.4;4.11;4694702;13.794185;-88.89653
63;"Equatorial Guinea";"GQ";30.87;"Very Low";52.16;"Moderate";42.59;"Moderate";0.0;"None";51.87;"Low";7.15;"Low";20.5;"Very Low";59.85;"Moderate";0.0;"None";50;10;28051;1000;33.24;240;"Malabo";5655;124.35;1.2;"XAF";4.51;55.5;0.0;11026774945;61.8;1.9;62.6;"Malabo";58.4;301;1.05;"Spanish";72.0;0.4;1355986;62.0;6.1;79.4;6.43;984812;1.650801;10.267895
64;"Eritrea";"ER";58.05;"Low";72.86;"High";55.56;"Moderate";0.0;"None";53.58;"Low";4.41;"Very Low";0.0;"None";15.52;"Very Low";0.0;"None";35;75;117600;202000;30.3;291;"Asmara";711;0.0;0.0;"ERN";4.06;14.9;2.0;2065001626;68.4;3.4;31.3;"Asmara";65.9;480;0.0;"Tigrinya";52.4;0.06;6333135;78.4;0.0;83.7;5.14;1149670;15.179384;39.782334
65;"Estonia";"EE";83.91;"Moderate";76.37;"High";75.93;"High";64.28;"High";50.4;"Low";11.27;"Moderate";21.57;"Very Low";17.02;"Very Low";185.1;"Very High";31;23;45228;6000;10.9;372;"Tallinn";16590;122.14;2.3;"EUR";1.59;51.3;1.14;31386949981;97.2;69.6;2.1;"Tallinn";78.2;9;3.14;"Estonian";22.8;4.48;1331824;63.6;20.9;47.8;5.11;916024;58.595272;25.013607
66;"Eswatini";"SZ";64.57;"Moderate";56.45;"Moderate";61.11;"High";0.0;"None";24.22;"Very Low";2.82;"Very Low";31.0;"Low";32.07;"Low";0.0;"None";0;0;0;0;0.0;0;"";0;0.0;0.0;"";0.0;0.0;0.0;0;0.0;0.0;0.0;"";0.0;0;0.0;"";0.0;0.0;0;0.0;0.0;0.0;0.0;0;0.0;0.0
67;"Ethiopia";"ET";13.59;"Very Low";49.1;"Moderate";53.46;"Moderate";96.82;"Very High";43.89;"Low";49.87;"Very High";63.36;"Very High";73.24;"High";48.88;"Very Low";115;36;1104300;138000;32.34;251;"Addis Ababa";14870;143.86;15.8;"ETB";4.25;12.5;0.75;96107662398;101.0;8.1;39.1;"Addis Ababa";66.2;401;0.0;"Amharic";37.8;0.08;112078730;79.6;7.5;37.7;2.08;23788710;9.145;40.489673
68;"Falkland Islands";"FK";0.0;"None";55.64;"Moderate";0.0;"None";0.0;"None";0.0;"None";0.0;"None";40.0;"Moderate";3.45;"Very Low";0.0;"None";0;0;0;0;0.0;0;"";0;0.0;0.0;"";0.0;0.0;0.0;0;0.0;0.0;0.0;"";0.0;0;0.0;"";0.0;0.0;0;0.0;0.0;0.0;0.0;0;0.0;0.0
69;"Faroe Islands";"FO";0.0;"None";83.57;"Very High";65.08;"High";0.0;"None";0.0;"None";8.75;"Moderate";0.0;"None";4.91;"Very Low";0.0;"None";0;0;0;0;0.0;0;"";0;0.0;0.0;"";0.0;0.0;0.0;0;0.0;0.0;0.0;"";0.0;0;0.0;"";0.0;0.0;0;0.0;0.0;0.0;0.0;0;0.0;0.0
70;"Fiji";"FJ";57.77;"Low";43.44;"Moderate";48.18;"Moderate";71.89;"High";33.42;"Very Low";6.51;"Low";40.93;"Moderate";53.44;"Moderate";122.12;"Moderate";49;23;18274;4000;21.28;679;"Suva";2046;132.3;1.8;"FJD";2.77;55.9;0.82;5535548972;106.4;16.1;21.6;"Suva";67.3;34;1.28;"Fiji Hindi";21.4;0.84;889953;57.6;24.2;32.1;4.1;505048;-17.713371;178.065032
71;"Finland";"FI";126.13;"Very High";73.57;"High";77.57;"High";58.87;"Moderate";60.04;"Moderate";8.16;"Moderate";25.56;"Very Low";11.83;"Very Low";203.06;"Very High";18;8;338145;25000;8.6;358;"Helsinki";45871;112.33;1.0;"EUR";1.41;73.1;1.45;268761201365;100.2;88.2;1.4;"Helsinki";81.7;3;0.0;"Swedish";19.9;3.81;5520314;59.1;20.8;36.6;6.59;4716888;61.92411;25.748151
72;"France";"FR";111.7;"Very High";44.56;"Moderate";77.78;"High";89.71;"Very High";59.48;"Low";10.55;"Moderate";34.72;"Low";43.56;"Moderate";165.08;"Very High";119;52;643801;307000;11.3;33;"Paris";303276;110.05;1.1;"EUR";1.88;31.2;1.39;2715518274227;102.5;65.6;3.4;"Paris";82.5;8;11.16;"French";6.8;3.27;67059887;55.1;24.2;60.7;8.43;54123364;46.227638;2.213749
73;"French Guiana";"GF";0.0;"None";36.87;"Low";55.56;"Moderate";0.0;"None";0.0;"None";8.04;"Moderate";27.5;"Low";37.3;"Low";0.0;"None";0;0;0;0;0.0;0;"";0;0.0;0.0;"";0.0;0.0;0.0;0;0.0;0.0;0.0;"";0.0;0;0.0;"";0.0;0.0;0;0.0;0.0;0.0;0.0;0;0.0;0.0
74;"French Polynesia";"PF";0.0;"None";79.04;"High";96.3;"Very High";0.0;"None";0.0;"None";29.58;"Very High";30.0;"Low";52.3;"Moderate";0.0;"None";0;0;0;0;0.0;0;"";0;0.0;0.0;"";0.0;0.0;0.0;0;0.0;0.0;0.0;"";0.0;0;0.0;"";0.0;0.0;0;0.0;0.0;0.0;0.0;0;0.0;0.0
75;"French Southern Territories";"TF";0.0;"None";53.68;"Moderate";38.89;"Low";0.0;"None";0.0;"None";0.0;"None";16.0;"Very Low";37.7;"Low";0.0;"None";0;0;0;0;0.0;0;"";0;0.0;0.0;"";0.0;0.0;0.0;0;0.0;0.0;0.0;"";0.0;0;0.0;"";0.0;0.0;0;0.0;0.0;0.0;0.0;0;0.0;0.0
76;"Gabon";"GA";20.07;"Very Low";39.86;"Low";31.48;"Low";0.0;"None";48.7;"Low";69.71;"Very High";16.35;"Very Low";76.47;"High";0.0;"None";9;20;267667;7000;31.61;241;"Libreville";5321;122.19;2.1;"XAF";3.97;90.0;0.92;16657960228;139.9;8.3;32.7;"Libreville";66.2;252;1.46;"French";25.9;0.68;2172579;52.9;10.2;47.1;20.0;1949694;-0.803689;11.609444
77;"Gambia";"GM";7.25;"Very Low";40.88;"Moderate";66.67;"High";0.0;"None";27.72;"Very Low";103.29;"Very High";65.0;"Very High";61.67;"High";0.0;"None";239;60;11300;1000;38.54;220;"Banjul";532;172.73;7.1;"GMD";5.22;48.4;1.18;1763819048;98.0;2.7;39.0;"Serekunda";61.7;597;0.13;"English";20.3;0.1;2347706;59.4;9.4;48.4;9.06;1453958;13.443182;-15.310139
78;"Georgia";"GE";40.6;"Low";73.9;"High";56.34;"Moderate";88.53;"Very High";32.0;"Very Low";12.21;"High";38.63;"Moderate";67.54;"High";125.48;"Moderate";57;35;69700;26000;13.47;995;"Tbilisi";10128;133.61;4.9;"GEL";2.06;40.6;0.76;17743195770;98.6;63.9;8.7;"Tbilisi";73.6;25;0.05;"Georgian";57.3;7.12;3720382;68.3;21.7;9.9;14.4;2196476;42.315407;43.356892
79;"Germany";"DE";130.01;"Very High";60.77;"High";71.97;"High";83.3;"Very High";59.56;"Low";9.12;"Moderate";29.82;"Low";28.81;"Low";189.75;"Very High";240;48;357022;180000;9.5;49;"Berlin";727973;112.85;1.4;"EUR";1.56;32.7;1.39;3845630030824;104.0;70.2;3.1;"Berlin";80.9;7;9.99;"German";12.5;4.25;83132799;60.8;11.5;48.8;3.04;64324835;51.165691;10.451526
80;"Ghana";"GH";17.4;"Very Low";54.65;"Moderate";57.38;"Moderate";67.03;"High";30.49;"Very Low";81.28;"Very High";39.67;"Moderate";86.91;"Very High";17.47;"Very Low";137;69;238533;16000;29.41;233;"Accra";16670;268.36;7.2;"GHS";3.87;41.2;0.92;66983634224;104.8;15.7;34.9;"Accra";63.8;308;0.27;"English";36.1;0.14;30792608;67.8;12.6;55.4;4.33;17249054;7.946527;-1.023194
81;"Gibraltar";"GI";103.02;"High";79.77;"High";67.13;"High";0.0;"None";59.05;"Low";16.0;"Very High";16.2;"Very Low";61.64;"High";0.0;"None";0;0;0;0;0.0;0;"";0;0.0;0.0;"";0.0;0.0;0.0;0;0.0;0.0;0.0;"";0.0;0;0.0;"";0.0;0.0;0;0.0;0.0;0.0;0.0;0;0.0;0.0
82;"Greece";"GR";59.69;"Low";53.44;"Moderate";58.2;"Moderate";91.79;"Very High";47.78;"Low";12.72;"High";33.53;"Low";50.07;"Moderate";136.83;"Moderate";81;48;131957;146000;8.1;30;"Athens";62434;101.87;0.2;"EUR";1.35;31.7;1.54;209852761469;99.6;136.6;3.6;"Macedonia";81.3;3;4.46;"Greek";35.5;5.48;10716322;51.8;26.2;51.9;17.24;8507474;39.074208;21.824312
83;"Greenland";"GL";139.14;"Very High";62.16;"High";51.39;"Moderate";0.0;"None";83.09;"High";4.75;"Very Low";34.59;"Low";77.11;"High";0.0;"None";0;0;0;0;0.0;0;"";0;0.0;0.0;"";0.0;0.0;0.0;0;0.0;0.0;0.0;"";0.0;0;0.0;"";0.0;0.0;0;0.0;0.0;0.0;0.0;0;0.0;0.0
84;"Grenada";"GD";31.88;"Very Low";75.07;"High";65.28;"High";0.0;"None";75.44;"High";175.23;"Very High";40.0;"Moderate";49.18;"Moderate";0.0;"None";331;24;349;0;16.47;1;"St. George's, Grenada";268;107.43;0.8;"XCD";2.06;50.0;1.12;1228170370;106.9;104.6;13.7;"St. George's, Grenada";72.4;25;0.0;"English";57.0;1.41;112003;0.0;19.4;47.8;0.0;40765;12.1165;-61.679
85;"Guadeloupe";"GP";120.6;"Very High";72.18;"High";93.06;"Very High";0.0;"None";57.98;"Low";9.65;"Moderate";0.0;"None";75.86;"High";0.0;"None";0;0;0;0;0.0;0;"";0;0.0;0.0;"";0.0;0.0;0.0;0;0.0;0.0;0.0;"";0.0;0;0.0;"";0.0;0.0;0;0.0;0.0;0.0;0.0;0;0.0;0.0
86;"Guam";"GU";0.0;"None";36.34;"Low";36.19;"Low";0.0;"None";0.0;"None";0.0;"None";30.0;"Low";51.83;"Moderate";0.0;"None";0;0;0;0;0.0;0;"";0;0.0;0.0;"";0.0;0.0;0.0;0;0.0;0.0;0.0;"";0.0;0;0.0;"";0.0;0.0;0;0.0;0.0;0.0;0.0;0;0.0;0.0
87;"Guatemala";"GT";40.26;"Low";41.92;"Moderate";67.33;"High";99.89;"Very High";36.67;"Very Low";11.44;"Moderate";50.58;"High";73.47;"High";107.92;"Low";167;36;108889;43000;24.56;502;"Guatemala City";16777;142.92;3.7;"GTQ";2.87;32.7;0.79;76710385880;101.9;21.8;22.1;"Guatemala City";74.1;95;1.6;"Spanish";55.8;0.35;16604026;62.3;10.6;35.2;2.46;8540945;15.783471;-90.230759
88;"Guernsey";"GG";142.95;"Very High";76.14;"High";61.11;"High";0.0;"None";66.48;"Moderate";9.66;"Moderate";16.25;"Very Low";11.49;"Very Low";0.0;"None";0;0;0;0;0.0;0;"";0;0.0;0.0;"";0.0;0.0;0.0;0;0.0;0.0;0.0;"";0.0;0;0.0;"";0.0;0.0;0;0.0;0.0;0.0;0.0;0;0.0;0.0
89;"Guinea";"GN";0.0;"None";39.95;"Low";100.0;"Very High";0.0;"None";0.0;"None";0.68;"Very Low";0.0;"None";106.67;"Very High";0.0;"None";53;59;245857;13000;36.36;224;"Conakry";2996;262.95;9.5;"GNF";4.7;25.8;0.9;13590281809;91.5;11.6;64.9;"Kankan";61.2;576;0.0;"French";54.5;0.08;12771246;61.5;10.8;69.3;4.3;4661505;9.945587;-9.696645
90;"Guinea-Bissau";"GW";76.11;"Moderate";48.18;"Moderate";51.39;"Moderate";0.0;"None";39.6;"Very Low";7.13;"Low";20.0;"Very Low";0.0;"None";0.0;"None";70;58;36125;4000;35.13;245;"Bissau";293;111.65;1.4;"XOF";4.48;69.8;0.0;1340389411;118.7;2.6;54.0;"Bissau";58.0;667;0.16;"Portuguese";37.2;0.13;1920922;72.0;10.3;45.5;2.47;840922;11.803749;-15.180413
91;"Guyana";"GY";35.0;"Very Low";33.65;"Low";37.65;"Low";0.0;"None";44.46;"Low";19.72;"Very High";52.0;"High";60.09;"High";0.0;"None";4;9;214969;3000;19.97;592;"Georgetown, Guyana";2384;116.19;2.1;"GYD";2.46;83.9;0.9;4280443645;97.8;11.6;25.1;"Georgetown, Guyana";69.8;169;0.98;"English";40.5;0.8;782766;56.2;0.0;30.6;11.85;208912;4.860416;-58.93018
92;"Haiti";"HT";77.7;"Moderate";21.41;"Low";32.72;"Low";0.0;"None";51.39;"Low";5.5;"Low";80.67;"Very High";94.3;"Very High";0.0;"None";414;67;27750;0;24.35;509;"Port-au-Prince";2978;179.29;12.5;"HTG";2.94;3.5;0.81;8498981821;113.6;1.1;49.5;"Port-au-Prince";63.7;480;0.25;"French";36.3;0.23;11263077;67.2;0.0;42.7;13.78;6328948;18.971187;-72.285215
93;"Honduras";"HN";43.68;"Low";27.75;"Low";37.83;"Low";0.0;"None";34.39;"Very Low";6.36;"Low";19.7;"Very Low";75.52;"High";0.0;"None";89;29;112090;23000;21.6;504;"Tegucigalpa";9813;150.34;4.4;"HNL";2.46;40.0;0.98;25095395475;91.5;26.2;15.1;"Tegucigalpa";75.1;65;1.01;"Spanish";49.1;0.31;9746117;68.8;17.3;39.1;5.39;5626433;15.199999;-86.241905
94;"Hong Kong (China)";"HK";108.13;"High";78.49;"High";66.06;"High";83.64;"Very High";74.59;"High";29.83;"Very High";41.81;"High";66.86;"High";134.04;"Moderate";0;0;0;0;0.0;0;"";0;0.0;0.0;"";0.0;0.0;0.0;0;0.0;0.0;0.0;"";0.0;0;0.0;"";0.0;0.0;0;0.0;0.0;0.0;0.0;0;0.0;0.0
95;"Hungary";"HU";70.34;"Moderate";66.28;"High";54.07;"Moderate";78.74;"High";37.72;"Very Low";13.22;"High";35.68;"Moderate";46.57;"Moderate";143.26;"Moderate";107;58;93028;40000;9.6;36;"Budapest";45537;121.64;3.3;"HUF";1.54;22.9;1.18;160967157504;100.8;48.5;3.6;"Budapest";75.8;12;2.62;"Hungarian";29.0;3.41;9769949;56.5;23.0;37.9;3.4;6999582;47.162494;19.503304
96;"Iceland";"IS";126.81;"Very High";74.26;"High";67.63;"High";68.81;"High";81.71;"High";6.39;"Low";21.35;"Very Low";15.84;"Very Low";202.04;"Very High";3;19;103000;0;12.0;354;"Reykjavík";2065;129.0;3.0;"ISK";1.71;0.5;1.69;24188035739;100.4;71.8;1.5;"Reykjavík";82.7;4;0.0;"Icelandic";17.0;4.08;361313;75.0;23.3;31.9;2.84;339110;64.963051;-19.020835
97;"India";"IN";86.09;"High";55.67;"Moderate";65.43;"High";64.1;"High";19.93;"Very Low";11.26;"Moderate";46.54;"High";72.89;"High";124.7;"Moderate";464;60;3287263;3031000;17.86;91;"New Delhi";2407672;180.44;7.7;"INR";2.22;23.8;0.97;2611000000000;113.0;28.1;29.9;"Kurebhar";69.4;145;0.3;"Hindi";65.1;0.86;1366417754;49.3;11.2;49.7;5.36;471031528;20.593684;78.96288
98;"Indonesia";"ID";33.47;"Very Low";54.11;"Moderate";60.84;"High";63.76;"High";25.31;"Very Low";16.65;"Very High";43.11;"High";67.99;"High";99.98;"Very Low";151;32;1904569;676000;18.07;62;"Jakarta";563325;151.18;3.0;"IDR";2.31;49.9;0.63;1119190780753;106.4;36.3;21.1;"Kalimantan";71.5;177;0.48;"Indonesian";48.3;0.43;270203917;67.5;10.2;30.1;4.69;151509724;-0.789275;113.921327
99;"Iran";"IR";29.9;"Very Low";49.67;"Moderate";52.62;"Moderate";70.99;"High";24.03;"Very Low";20.05;"Very High";46.92;"High";75.24;"High";85.42;"Very Low";52;28;1648195;563000;18.78;98;"Tehran";661710;550.93;39.9;"IRR";2.14;6.6;0.4;445345282123;110.7;68.1;12.4;"Tehran";76.5;16;1.58;"Persian";39.7;1.58;82913906;44.7;7.4;44.7;11.38;62509623;32.427908;53.688046
100;"Iraq";"IQ";55.15;"Low";57.47;"Moderate";45.9;"Moderate";46.98;"Moderate";26.81;"Very Low";8.17;"Moderate";37.05;"Moderate";71.53;"High";107.76;"Low";93;21;438317;209000;29.08;964;"Baghdad";190061;119.86;0.4;"IQD";3.67;1.9;0.61;234094042939;108.7;16.2;22.5;"Baghdad";70.5;79;1.24;"Arabic";76.5;0.71;39309783;43.0;2.0;30.8;12.82;27783368;33.223191;43.679291
101;"Ireland";"IE";112.53;"Very High";52.53;"Moderate";51.38;"Moderate";87.83;"Very High";60.85;"Moderate";6.58;"Low";37.76;"Moderate";34.79;"Low";166.37;"Very High";72;65;70273;9000;12.5;353;"Dublin";37711;106.58;0.9;"EUR";1.75;11.0;1.37;388698711348;100.9;77.8;3.1;"Connacht";82.3;5;10.79;"Irish";15.2;3.31;5007069;62.1;18.3;26.1;4.93;3133123;53.41291;-8.24389
102;"Isle Of Man";"IM";140.64;"Very High";79.57;"High";72.61;"High";0.0;"None";62.41;"Moderate";3.63;"Very Low";11.25;"Very Low";18.12;"Very Low";0.0;"None";0;0;0;0;0.0;0;"";0;0.0;0.0;"";0.0;0.0;0.0;0;0.0;0.0;0.0;"";0.0;0;0.0;"";0.0;0.0;0;0.0;0.0;0.0;0.0;0;0.0;0.0
103;"Israel";"IL";108.83;"High";68.25;"High";73.34;"High";93.78;"Very High";63.19;"Moderate";13.98;"High";36.61;"Moderate";56.84;"Moderate";161.76;"Very High";400;25;20770;178000;20.8;972;"Jerusalem";65166;108.15;0.8;"ILS";3.09;7.7;1.57;395098666122;104.9;63.4;3.0;"Jerusalem";82.8;3;7.58;"Hebrew";24.4;4.62;9053300;64.0;23.1;25.3;3.86;8374393;31.046051;34.851612
104;"Italy";"IT";87.2;"High";53.03;"Moderate";65.13;"High";90.78;"Very High";52.12;"Low";9.47;"Moderate";32.36;"Low";53.67;"Moderate";151.06;"High";206;43;301340;347000;7.3;39;"Rome";320411;110.62;0.6;"EUR";1.29;31.8;1.61;2001244392042;101.9;61.9;2.6;"Rome";82.9;2;0.0;"Italian";22.8;3.98;60297396;49.6;24.3;59.1;9.89;42651966;41.87194;12.56738
105;"Ivory Coast";"CI";12.91;"Very Low";43.57;"Moderate";44.44;"Moderate";0.0;"None";39.62;"Very Low";41.78;"Very High";43.5;"High";94.87;"Very High";0.0;"None";83;65;322463;27000;35.74;225;"Yamoussoukro";9674;111.61;-0.9;"XOF";4.65;32.7;0.93;58792205642;99.8;9.3;59.4;"Abidjan";57.4;617;0.36;"French";36.0;0.23;25716544;57.0;11.8;50.1;3.32;13176900;7.539989;-5.54708
106;"Jamaica";"JM";36.87;"Very Low";32.61;"Low";51.52;"Moderate";71.58;"High";49.56;"Low";20.19;"Very High";44.5;"High";66.31;"High";83.92;"Very Low";273;41;10991;4000;16.1;1876;"Kingston, Jamaica";8225;162.47;3.9;"JMD";1.98;30.9;1.11;16458071068;91.0;27.1;12.4;"Kingston, Jamaica";74.4;80;1.33;"Jamaican English";23.7;1.31;2948279;66.0;26.8;35.1;8.0;1650594;18.109581;-77.297508
107;"Japan";"JP";120.74;"Very High";77.07;"High";79.81;"High";85.26;"Very High";46.99;"Low";12.29;"High";40.33;"Moderate";38.55;"Low";184.32;"Very High";347;12;377944;261000;7.4;81;"Tokyo";1135886;105.48;0.5;"JPY";1.42;68.5;1.06;5081769542380;98.8;63.2;1.8;"Tokyo";84.2;5;6.77;"None";13.1;2.41;126226568;61.7;11.9;46.7;2.29;115782416;36.204824;138.252924
108;"Jersey";"JE";104.07;"High";74.32;"High";53.94;"Moderate";0.0;"None";77.04;"High";13.33;"High";27.0;"Low";26.72;"Low";0.0;"None";0;0;0;0;0.0;0;"";0;0.0;0.0;"";0.0;0.0;0.0;0;0.0;0.0;0.0;"";0.0;0;0.0;"";0.0;0.0;0;0.0;0.0;0.0;0.0;0;0.0;0.0
109;"Jordan";"JO";52.44;"Low";59.78;"Moderate";65.23;"High";89.05;"Very High";37.64;"Very Low";6.77;"Low";39.38;"Moderate";77.1;"High";125.01;"Moderate";115;12;89342;116000;21.98;962;"Amman";25108;125.6;0.8;"JOD";2.76;1.1;1.1;43743661972;81.5;34.4;13.9;"Amman";74.4;46;1.49;"Arabic";25.1;2.32;10101694;39.3;15.1;28.6;14.72;9213048;30.585164;36.238414
110;"Kazakhstan";"KZ";51.89;"Low";54.62;"Moderate";60.65;"High";39.78;"Moderate";28.08;"Very Low";10.27;"Moderate";35.62;"Moderate";73.16;"High";105.92;"Low";7;80;2724900;71000;21.77;7;"Astana";247207;182.75;5.2;"KZT";2.84;1.2;0.42;180161741180;104.4;61.7;8.8;"Almaty";73.2;10;0.41;"Russian";38.8;3.25;18513930;68.8;11.7;28.4;4.59;10652915;48.019573;66.923684
111;"Kenya";"KE";35.6;"Very Low";44.24;"Moderate";61.54;"High";99.79;"Very High";28.23;"Very Low";18.77;"Very High";50.59;"High";69.04;"High";101.33;"Low";94;49;580367;29000;28.75;254;"Nairobi";17910;180.51;4.7;"KES";3.49;7.8;0.95;95503088538;103.2;11.5;30.6;"Nairobi";66.3;342;0.25;"Swahili";33.4;0.16;52573973;74.7;15.1;37.2;2.64;14461523;-0.023559;37.906193
112;"Kiribati";"KI";281.83;"Very High";81.86;"Very High";55.56;"Moderate";0.0;"None";55.26;"Low";0.0;"None";47.9;"High";106.9;"Very High";0.0;"None";147;42;811;0;27.89;686;"South Tarawa";66;99.55;0.6;"AUD";3.57;15.0;0.0;194647202;101.3;0.0;41.2;"South Tarawa";68.1;92;0.0;"English";0.2;0.2;117606;0.0;22.0;32.7;0.0;64489;1.8368976;-157.3768317
113;"Kosovo (Disputed Territory)";"XK";53.0;"Low";59.2;"Moderate";68.47;"High";76.84;"High";26.04;"Very Low";13.85;"High";24.06;"Very Low";67.84;"High";130.09;"Moderate";0;0;0;0;0.0;0;"";0;0.0;0.0;"";0.0;0.0;0.0;0;0.0;0.0;0.0;"";0.0;0;0.0;"";0.0;0.0;0;0.0;0.0;0.0;0.0;0;0.0;0.0
114;"Kuwait";"KW";176.8;"Very High";67.19;"High";57.93;"Moderate";20.22;"Moderate";40.82;"Low";6.69;"Low";35.32;"Moderate";69.37;"High";159.55;"High";240;8;17818;25000;13.94;965;"Kuwait City";98734;126.6;1.1;"KWD";2.08;0.4;0.35;134761198946;92.4;54.4;6.7;"Kuwait City";75.4;12;0.95;"Modern Standard Arabic";14.4;2.58;4207083;73.5;1.4;13.0;2.18;4207083;29.31166;47.481766
115;"Kyrgyzstan";"KG";35.11;"Very Low";46.17;"Moderate";57.62;"Moderate";58.11;"Moderate";25.72;"Very Low";12.89;"High";37.7;"Moderate";70.38;"High";98.32;"Very Low";34;55;199951;21000;27.1;996;"Bishkek";9787;155.68;1.1;"KGS";3.3;3.3;0.56;8454619608;107.6;41.3;16.9;"Bishkek";71.4;60;0.09;"Russian";48.2;1.88;6456900;59.8;18.0;29.0;6.33;2362644;41.20438;74.766098
116;"Laos";"LA";32.51;"Very Low";63.72;"High";34.44;"Low";0.0;"None";32.57;"Very Low";12.67;"High";22.4;"Very Low";78.51;"High";0.0;"None";32;10;236800;129000;23.55;856;"Vientiane";17763;135.87;3.3;"LAK";2.67;82.1;0.93;18173839128;102.4;15.0;37.6;"Vientiane";67.6;185;0.83;"Lao";45.4;0.37;7169455;78.5;12.9;24.1;0.63;2555552;19.85627;102.495496
117;"Latvia";"LV";76.15;"Moderate";62.8;"High";62.4;"High";74.7;"High";44.96;"Low";8.38;"Moderate";28.7;"Low";30.4;"Low";164.22;"Very High";30;31;64589;6000;10.0;371;"Riga";7004;116.86;2.8;"EUR";1.6;54.0;1.16;34117202555;99.4;88.1;3.3;"Riga";74.7;19;2.8;"Latvian";41.6;3.19;1912789;61.4;22.9;38.1;6.52;1304943;56.879635;24.603189
118;"Lebanon";"LB";34.84;"Very Low";53.16;"Moderate";63.69;"High";94.74;"Very High";38.99;"Very Low";16.26;"Very High";38.75;"Moderate";89.41;"Very High";98.43;"Very Low";667;64;10400;80000;17.55;961;"Beirut";24796;130.02;3.0;"LBP";2.09;13.4;0.74;53367042272;95.1;26.3;6.4;"Tripoli, Lebanon";78.9;29;2.15;"Arabic";32.1;2.1;6855713;47.0;15.3;32.2;6.23;6084994;33.854721;35.862285
119;"Lesotho";"LS";0.0;"None";32.75;"Low";55.56;"Moderate";0.0;"None";0.0;"None";3.11;"Very Low";51.0;"High";58.62;"Moderate";0.0;"None";71;78;30355;2000;26.81;266;"Maseru";2512;155.86;5.2;"LSL";3.14;1.6;0.7;2460072444;120.9;10.2;65.7;"Maseru";53.7;544;0.41;"English";16.9;0.07;2125268;67.9;31.6;13.6;23.41;607508;-29.609988;28.233608
120;"Liberia";"LR";33.34;"Very Low";19.13;"Very Low";38.89;"Low";0.0;"None";64.1;"Moderate";25.57;"Very High";30.0;"Low";91.76;"Very High";0.0;"None";53;28;111369;2000;33.04;231;"Monrovia";1386;223.13;23.6;"LRD";4.32;43.1;0.8;3070518100;85.1;11.9;53.5;"Monrovia";63.7;661;0.17;"English";19.6;0.04;4937374;76.3;12.9;46.2;2.81;2548426;6.428055;-9.429499
121;"Libya";"LY";50.47;"Low";44.23;"Moderate";45.45;"Moderate";96.54;"Very High";18.72;"Very Low";7.62;"Low";27.36;"Low";53.02;"Moderate";134.14;"Moderate";4;9;1759540;0;18.83;218;"Tripoli";50564;125.71;2.6;"LYD";2.24;0.1;0.11;52076250948;109.0;60.5;10.2;"Tripoli";72.7;72;1.88;"Arabic";36.7;2.09;6777452;49.7;0.0;32.6;18.56;5448597;26.3351;17.228331
122;"Liechtenstein";"LI";178.83;"Very High";87.84;"Very High";70.37;"High";0.0;"None";94.03;"Very High";5.07;"Low";0.0;"None";6.47;"Very Low";0.0;"None";0;0;0;0;0.0;0;"";0;0.0;0.0;"";0.0;0.0;0.0;0;0.0;0.0;0.0;"";0.0;0;0.0;"";0.0;0.0;0;0.0;0.0;0.0;0.0;0;0.0;0.0
123;"Lithuania";"LT";80.43;"Moderate";67.72;"High";74.95;"High";67.76;"High";44.73;"Low";12.25;"High";23.36;"Very Low";26.14;"Low";172.77;"Very High";43;47;65300;34000;10.0;370;"Vilnius";12963;118.38;2.3;"EUR";1.63;34.8;1.16;54219315600;103.9;72.4;3.3;"Vilnius";75.7;8;2.41;"Lithuanian";32.1;6.35;2786844;61.6;16.9;42.6;6.35;1891013;55.169438;23.881275
124;"Luxembourg";"LU";195.55;"Very High";64.68;"High";75.24;"High";82.62;"Very High";63.72;"Moderate";8.48;"Moderate";27.04;"Low";23.27;"Low";224.31;"Very High";242;54;2586;2000;10.3;352;"Luxembourg City";8988;115.09;1.7;"EUR";1.37;35.7;1.19;71104919108;102.3;19.2;1.9;"Luxembourg City";82.1;5;13.05;"Luxembourgish";10.6;3.01;645397;59.3;26.5;20.4;5.36;565488;49.815273;6.129583
125;"Macao (China)";"MO";106.51;"High";79.52;"High";51.0;"Moderate";81.7;"Very High";57.26;"Low";21.1;"Very High";16.73;"Very Low";67.58;"High";149.76;"High";0;0;0;0;0.0;0;"";0;0.0;0.0;"";0.0;0.0;0.0;0;0.0;0.0;0.0;"";0.0;0;0.0;"";0.0;0.0;0;0.0;0.0;0.0;0.0;0;0.0;0.0
126;"Madagascar";"MG";16.75;"Very Low";35.59;"Low";39.32;"Low";0.0;"None";21.27;"Very Low";22.4;"Very High";31.75;"Low";86.87;"Very High";0.0;"None";48;71;587041;22000;32.66;261;"Antananarivo";3905;184.33;5.6;"MGA";4.08;21.4;1.11;14083906357;142.5;5.4;38.2;"Antananarivo";66.7;335;0.21;"French";21.7;0.18;26969307;86.1;10.2;38.3;1.76;10210849;-18.766947;46.869107
127;"Malawi";"MW";29.25;"Very Low";43.89;"Moderate";37.5;"Low";0.0;"None";35.35;"Very Low";81.6;"Very High";20.34;"Very Low";64.16;"High";0.0;"None";203;61;118484;15000;34.12;265;"Lilongwe";1298;418.34;9.4;"MWK";4.21;33.2;1.15;7666704427;142.5;0.8;35.3;"Lilongwe";63.8;349;0.12;"English";11.0;0.04;18628747;76.7;17.3;34.5;5.65;3199301;-13.254308;34.301525
128;"Malaysia";"MY";86.32;"High";51.03;"Moderate";70.37;"High";56.55;"Moderate";29.82;"Very Low";8.5;"Moderate";37.17;"Moderate";61.14;"High";136.22;"Moderate";99;26;329847;136000;16.75;60;"Kuala Lumpur";248289;121.46;0.7;"MYR";2.0;67.6;0.45;364701517788;105.3;45.1;6.7;"Johor Bahru";76.0;29;0.93;"Malaysian language";36.7;1.51;32447385;64.3;12.0;38.7;3.32;24475766;4.210484;101.975766
129;"Maldives";"MV";52.96;"Low";45.91;"Moderate";45.94;"Moderate";0.0;"None";45.85;"Low";11.61;"Moderate";19.4;"Very Low";74.55;"High";0.0;"None";0;0;0;0;0.0;0;"";0;0.0;0.0;"";0.0;0.0;0.0;0;0.0;0.0;0.0;"";0.0;0;0.0;"";0.0;0.0;0;0.0;0.0;0.0;0.0;0;0.0;0.0
130;"Mali";"ML";0.0;"None";52.92;"Moderate";18.52;"Very Low";0.0;"None";0.0;"None";100.71;"Very High";0.0;"None";85.52;"Very High";0.0;"None";17;34;1240192;18000;41.54;223;"Bamako";3179;108.73;-1.7;"XOF";5.88;3.8;1.12;17510141171;75.6;4.5;62.0;"Bamako";58.9;562;0.23;"French";46.3;0.13;19658031;70.8;11.6;54.5;7.22;8479688;17.570692;-3.996166
131;"Malta";"MT";78.04;"Moderate";57.09;"Moderate";52.12;"Moderate";97.44;"Very High";48.99;"Low";11.14;"Moderate";28.33;"Low";75.5;"High";132.54;"Moderate";0;0;0;0;0.0;0;"";0;0.0;0.0;"";0.0;0.0;0.0;0;0.0;0.0;0.0;"";0.0;0;0.0;"";0.0;0.0;0;0.0;0.0;0.0;0.0;0;0.0;0.0
132;"Marshall Islands";"MH";0.0;"None";72.55;"High";0.0;"None";0.0;"None";0.0;"None";0.0;"None";0.0;"None";85.63;"Very High";0.0;"None";329;64;181;0;29.03;692;"Majuro";143;0.0;0.0;"USD";4.05;70.2;1.44;221278000;84.7;23.7;27.4;"Majuro";65.2;0;2.0;"Marshallese";10.0;0.42;58791;0.0;17.8;65.9;0.0;45514;7.131474;171.184478
133;"Martinique";"MQ";94.35;"High";37.14;"Low";75.0;"High";0.0;"None";60.67;"Moderate";6.62;"Low";0.0;"None";62.59;"High";0.0;"None";0;0;0;0;0.0;0;"";0;0.0;0.0;"";0.0;0.0;0.0;0;0.0;0.0;0.0;"";0.0;0;0.0;"";0.0;0.0;0;0.0;0.0;0.0;0.0;0;0.0;0.0
134;"Mauritania";"MR";56.0;"Low";61.51;"High";46.76;"Moderate";0.0;"None";41.43;"Low";14.99;"High";0.0;"None";78.97;"High";0.0;"None";5;39;1030700;21000;33.69;222;"Nouakchott";2739;135.02;2.3;"MRU";4.56;0.2;1.13;7593752450;99.9;5.0;51.5;"Nouakchott";64.7;766;0.53;"Arabic";48.2;0.19;4525696;45.9;0.0;67.0;9.55;2466821;21.00789;-10.940835
135;"Mauritius";"MU";49.7;"Low";52.71;"Moderate";65.18;"High";0.0;"None";34.6;"Very Low";8.59;"Moderate";51.17;"High";54.8;"Moderate";0.0;"None";626;42;2040;3000;10.2;230;"Port Louis";4349;129.91;0.4;"MUR";1.41;19.0;1.12;14180444557;101.1;40.6;13.6;"Port Louis";74.4;61;0.38;"French";50.7;2.53;1265711;58.3;19.1;22.2;6.67;515980;-20.348404;57.552152
136;"Mexico";"MX";48.48;"Low";46.47;"Moderate";72.39;"High";87.51;"Very High";35.0;"Very Low";11.61;"Moderate";39.29;"Moderate";58.46;"Moderate";127.02;"Moderate";66;55;1964375;336000;17.6;52;"Mexico City";486406;141.54;3.6;"MXN";2.13;33.9;0.73;1258286717125;105.8;40.2;11.0;"Mexico City";75.0;33;0.49;"None";41.4;2.38;126014024;60.7;13.1;55.1;3.42;102626859;23.634501;-102.552784
137;"Micronesia";"FM";14.28;"Very Low";55.87;"Moderate";53.47;"Moderate";0.0;"None";56.24;"Low";14.77;"High";17.17;"Very Low";71.26;"High";0.0;"None";784;31;702;0;22.82;691;"Palikir";143;112.1;0.5;"USD";3.05;91.9;0.0;401932279;97.2;14.1;25.6;"Palikir";67.8;88;0.0;"English";2.5;0.18;113815;0.0;25.2;60.5;0.0;25963;7.425554;150.550812
